key,cod_ies
1,1
2,2
3,3
4,4
5,5
6,6
7,7
8,8
9,9
10,10
11,11
12,12
13,13
14,14
15,15
16,17
17,18
18,19
19,20
20,21
21,22
22,23
23,24
24,26
25,27
26,29
27,30
28,32
29,33
30,34
31,35
32,36
33,37
34,38
35,40
36,43
37,47
38,54
39,55
40,56
41,57
42,58
43,59
44,60
45,67
46,68
47,71
48,72
49,73
50,74
51,76
52,78
53,79
54,80
55,81
56,82
57,83
58,84
59,87
60,93
61,94
62,95
63,99
64,107
65,109
66,124
67,125
68,126
69,131
70,135
71,137
72,138
73,139
74,140
75,141
76,142
77,143
78,144
79,146
80,149
81,150
82,151
83,152
84,158
85,159
86,160
87,161
88,162
89,163
90,165
91,166
92,167
93,170
94,171
95,176
96,190
97,191
98,192
99,193
100,194
101,195
102,197
103,200
104,202
105,203
106,206
107,207
108,208
109,213
110,214
111,216
112,217
113,219
114,220
115,221
116,222
117,224
118,225
119,226
120,227
121,231
122,234
123,240
124,242
125,243
126,244
127,254
128,255
129,263
130,265
131,266
132,267
133,269
134,270
135,271
136,275
137,276
138,277
139,278
140,279
141,284
142,288
143,294
144,295
145,296
146,298
147,299
148,302
149,307
150,308
151,316
152,319
153,321
154,322
155,330
156,336
157,337
158,338
159,339
160,343
161,344
162,345
163,346
164,349
165,351
166,352
167,353
168,355
169,360
170,361
171,362
172,363
173,367
174,368
175,370
176,371
177,372
178,373
179,374
180,375
181,376
182,383
183,384
184,385
185,386
186,387
187,396
188,398
189,399
190,402
191,403
192,404
193,405
194,409
195,410
196,415
197,416
198,417
199,420
200,423
201,426
202,430
203,431
204,432
205,434
206,435
207,437
208,438
209,439
210,440
211,441
212,446
213,448
214,449
215,450
216,451
217,452
218,453
219,454
220,456
221,457
222,458
223,461
224,466
225,472
226,473
227,474
228,475
229,480
230,481
231,482
232,483
233,489
234,490
235,491
236,492
237,493
238,494
239,495
240,496
241,501
242,502
243,506
244,507
245,508
246,510
247,513
248,514
249,515
250,516
251,517
252,518
253,519
254,521
255,522
256,526
257,527
258,528
259,530
260,532
261,533
262,534
263,535
264,545
265,546
266,547
267,548
268,549
269,550
270,554
271,555
272,568
273,569
274,570
275,571
276,572
277,573
278,574
279,575
280,576
281,577
282,578
283,579
284,580
285,581
286,582
287,583
288,584
289,585
290,586
291,587
292,588
293,589
294,590
295,591
296,592
297,593
298,594
299,595
300,596
301,597
302,598
303,599
304,600
305,601
306,602
307,605
308,606
309,607
310,608
311,609
312,610
313,615
314,621
315,622
316,625
317,626
318,627
319,631
320,633
321,634
322,636
323,637
324,638
325,640
326,641
327,645
328,648
329,649
330,652
331,657
332,661
333,663
334,664
335,665
336,666
337,668
338,669
339,670
340,671
341,672
342,673
343,674
344,677
345,682
346,685
347,686
348,688
349,692
350,693
351,694
352,699
353,701
354,702
355,703
356,704
357,705
358,706
359,707
360,712
361,715
362,716
363,717
364,718
365,719
366,720
367,721
368,722
369,723
370,724
371,727
372,728
373,730
374,734
375,736
376,737
377,738
378,739
379,744
380,745
381,746
382,749
383,750
384,752
385,753
386,754
387,755
388,756
389,757
390,760
391,763
392,764
393,778
394,779
395,780
396,781
397,785
398,788
399,789
400,790
401,792
402,793
403,794
404,795
405,796
406,797
407,798
408,802
409,809
410,810
411,823
412,824
413,825
414,826
415,828
416,829
417,830
418,831
419,832
420,833
421,837
422,838
423,839
424,840
425,843
426,845
427,846
428,847
429,848
430,849
431,852
432,861
433,862
434,873
435,874
436,877
437,878
438,881
439,882
440,886
441,890
442,891
443,898
444,900
445,905
446,908
447,909
448,910
449,913
450,915
451,916
452,918
453,922
454,923
455,926
456,939
457,940
458,944
459,945
460,952
461,953
462,967
463,976
464,985
465,989
466,991
467,994
468,997
469,1012
470,1014
471,1019
472,1021
473,1027
474,1028
475,1030
476,1032
477,1036
478,1038
479,1041
480,1042
481,1043
482,1045
483,1046
484,1048
485,1049
486,1051
487,1053
488,1055
489,1058
490,1059
491,1060
492,1063
493,1064
494,1066
495,1067
496,1068
497,1070
498,1071
499,1075
500,1076
501,1077
502,1078
503,1079
504,1080
505,1081
506,1082
507,1084
508,1085
509,1087
510,1090
511,1092
512,1096
513,1100
514,1107
515,1113
516,1115
517,1118
518,1120
519,1122
520,1123
521,1124
522,1125
523,1126
524,1128
525,1129
526,1131
527,1136
528,1139
529,1141
530,1142
531,1143
532,1144
533,1149
534,1150
535,1151
536,1153
537,1155
538,1156
539,1157
540,1159
541,1160
542,1161
543,1162
544,1166
545,1170
546,1173
547,1174
548,1175
549,1182
550,1185
551,1187
552,1189
553,1190
554,1191
555,1192
556,1194
557,1195
558,1196
559,1198
560,1201
561,1202
562,1205
563,1208
564,1212
565,1213
566,1219
567,1221
568,1224
569,1225
570,1226
571,1227
572,1230
573,1231
574,1232
575,1233
576,1237
577,1239
578,1240
579,1243
580,1244
581,1245
582,1247
583,1248
584,1249
585,1252
586,1253
587,1254
588,1255
589,1256
590,1258
591,1263
592,1264
593,1266
594,1267
595,1270
596,1273
597,1275
598,1276
599,1279
600,1280
601,1281
602,1286
603,1290
604,1291
605,1292
606,1294
607,1295
608,1296
609,1298
610,1299
611,1300
612,1301
613,1302
614,1303
615,1304
616,1305
617,1307
618,1308
619,1309
620,1310
621,1311
622,1312
623,1313
624,1314
625,1317
626,1318
627,1319
628,1322
629,1325
630,1326
631,1327
632,1328
633,1330
634,1333
635,1334
636,1336
637,1337
638,1344
639,1345
640,1346
641,1350
642,1351
643,1355
644,1356
645,1357
646,1359
647,1360
648,1362
649,1363
650,1364
651,1365
652,1373
653,1374
654,1375
655,1379
656,1381
657,1382
658,1383
659,1384
660,1385
661,1386
662,1387
663,1388
664,1394
665,1395
666,1396
667,1400
668,1401
669,1402
670,1403
671,1404
672,1409
673,1410
674,1411
675,1412
676,1413
677,1414
678,1417
679,1418
680,1419
681,1420
682,1422
683,1423
684,1425
685,1426
686,1427
687,1428
688,1429
689,1430
690,1432
691,1433
692,1434
693,1436
694,1437
695,1438
696,1439
697,1440
698,1441
699,1442
700,1444
701,1445
702,1446
703,1449
704,1450
705,1452
706,1454
707,1455
708,1456
709,1457
710,1459
711,1461
712,1462
713,1463
714,1465
715,1468
716,1469
717,1472
718,1476
719,1477
720,1478
721,1484
722,1486
723,1487
724,1488
725,1490
726,1491
727,1492
728,1493
729,1494
730,1496
731,1497
732,1498
733,1499
734,1500
735,1502
736,1504
737,1506
738,1507
739,1508
740,1509
741,1510
742,1513
743,1514
744,1515
745,1518
746,1519
747,1520
748,1521
749,1523
750,1526
751,1530
752,1535
753,1536
754,1538
755,1540
756,1541
757,1542
758,1545
759,1546
760,1547
761,1550
762,1552
763,1554
764,1556
765,1557
766,1558
767,1559
768,1561
769,1562
770,1563
771,1564
772,1565
773,1568
774,1569
775,1571
776,1572
777,1573
778,1574
779,1575
780,1576
781,1577
782,1578
783,1580
784,1581
785,1583
786,1584
787,1585
788,1586
789,1587
790,1590
791,1591
792,1592
793,1596
794,1597
795,1598
796,1599
797,1600
798,1601
799,1605
800,1606
801,1607
802,1609
803,1610
804,1611
805,1612
806,1613
807,1614
808,1615
809,1618
810,1619
811,1620
812,1621
813,1622
814,1623
815,1624
816,1628
817,1632
818,1637
819,1638
820,1639
821,1640
822,1641
823,1642
824,1643
825,1644
826,1645
827,1646
828,1647
829,1653
830,1655
831,1656
832,1657
833,1658
834,1659
835,1660
836,1661
837,1663
838,1664
839,1666
840,1668
841,1669
842,1670
843,1672
844,1675
845,1676
846,1677
847,1679
848,1680
849,1682
850,1683
851,1686
852,1690
853,1692
854,1693
855,1694
856,1696
857,1697
858,1699
859,1700
860,1702
861,1703
862,1706
863,1707
864,1708
865,1709
866,1710
867,1711
868,1712
869,1713
870,1714
871,1716
872,1717
873,1718
874,1720
875,1721
876,1723
877,1725
878,1726
879,1727
880,1728
881,1731
882,1732
883,1733
884,1734
885,1735
886,1736
887,1738
888,1739
889,1742
890,1743
891,1745
892,1749
893,1752
894,1753
895,1756
896,1758
897,1759
898,1762
899,1763
900,1766
901,1767
902,1772
903,1773
904,1774
905,1775
906,1776
907,1777
908,1779
909,1780
910,1781
911,1783
912,1785
913,1786
914,1788
915,1789
916,1790
917,1797
918,1798
919,1800
920,1801
921,1804
922,1805
923,1806
924,1807
925,1808
926,1809
927,1810
928,1811
929,1812
930,1813
931,1815
932,1816
933,1817
934,1818
935,1819
936,1820
937,1821
938,1822
939,1823
940,1825
941,1827
942,1828
943,1830
944,1834
945,1835
946,1836
947,1838
948,1840
949,1841
950,1842
951,1843
952,1844
953,1846
954,1847
955,1850
956,1851
957,1852
958,1853
959,1854
960,1856
961,1857
962,1858
963,1860
964,1862
965,1864
966,1865
967,1866
968,1867
969,1869
970,1870
971,1872
972,1873
973,1874
974,1875
975,1876
976,1878
977,1879
978,1880
979,1881
980,1883
981,1885
982,1892
983,1893
984,1894
985,1895
986,1898
987,1900
988,1903
989,1904
990,1906
991,1907
992,1908
993,1909
994,1910
995,1913
996,1917
997,1918
998,1921
999,1923
1000,1926
1001,1927
1002,1930
1003,1931
1004,1932
1005,1933
1006,1934
1007,1936
1008,1939
1009,1940
1010,1941
1011,1944
1012,1945
1013,1946
1014,1948
1015,1949
1016,1951
1017,1952
1018,1956
1019,1957
1020,1958
1021,1961
1022,1962
1023,1964
1024,1965
1025,1966
1026,1967
1027,1968
1028,1970
1029,1973
1030,1974
1031,1977
1032,1978
1033,1980
1034,1984
1035,1986
1036,1988
1037,1992
1038,1995
1039,1996
1040,1998
1041,2005
1042,2009
1043,2015
1044,2021
1045,2022
1046,2023
1047,2027
1048,2035
1049,2036
1050,2037
1051,2039
1052,2040
1053,2041
1054,2042
1055,2043
1056,2045
1057,2049
1058,2054
1059,2056
1060,2058
1061,2067
1062,2069
1063,2072
1064,2073
1065,2075
1066,2076
1067,2079
1068,2082
1069,2084
1070,2085
1071,2086
1072,2091
1073,2096
1074,2098
1075,2111
1076,2113
1077,2117
1078,2122
1079,2123
1080,2124
1081,2126
1082,2128
1083,2129
1084,2131
1085,2132
1086,2133
1087,2134
1088,2135
1089,2137
1090,2140
1091,2141
1092,2145
1093,2146
1094,2147
1095,2148
1096,2149
1097,2150
1098,2154
1099,2156
1100,2158
1101,2160
1102,2163
1103,2165
1104,2168
1105,2171
1106,2174
1107,2175
1108,2177
1109,2180
1110,2183
1111,2184
1112,2186
1113,2189
1114,2191
1115,2192
1116,2194
1117,2198
1118,2200
1119,2202
1120,2205
1121,2220
1122,2222
1123,2229
1124,2233
1125,2237
1126,2240
1127,2241
1128,2242
1129,2243
1130,2244
1131,2245
1132,2246
1133,2247
1134,2248
1135,2256
1136,2257
1137,2264
1138,2266
1139,2270
1140,2271
1141,2275
1142,2279
1143,2282
1144,2287
1145,2288
1146,2289
1147,2297
1148,2301
1149,2308
1150,2311
1151,2312
1152,2319
1153,2320
1154,2323
1155,2324
1156,2328
1157,2330
1158,2332
1159,2334
1160,2336
1161,2343
1162,2346
1163,2350
1164,2351
1165,2355
1166,2356
1167,2361
1168,2365
1169,2368
1170,2369
1171,2380
1172,2383
1173,2389
1174,2397
1175,2399
1176,2402
1177,2408
1178,2409
1179,2410
1180,2413
1181,2420
1182,2423
1183,2426
1184,2427
1185,2428
1186,2436
1187,2437
1188,2440
1189,2442
1190,2443
1191,2444
1192,2450
1193,2456
1194,2459
1195,2460
1196,2462
1197,2465
1198,2466
1199,2468
1200,2469
1201,2470
1202,2474
1203,2475
1204,2477
1205,2478
1206,2484
1207,2485
1208,2488
1209,2491
1210,2494
1211,2497
1212,2500
1213,2501
1214,2511
1215,2513
1216,2514
1217,2521
1218,2530
1219,2532
1220,2536
1221,2537
1222,2538
1223,2539
1224,2548
1225,2553
1226,2554
1227,2556
1228,2560
1229,2564
1230,2565
1231,2566
1232,2568
1233,2569
1234,2571
1235,2572
1236,2573
1237,2575
1238,2576
1239,2579
1240,2581
1241,2582
1242,2591
1243,2593
1244,2613
1245,2616
1246,2617
1247,2620
1248,2623
1249,2624
1250,2625
1251,2629
1252,2632
1253,2636
1254,2642
1255,2647
1256,2652
1257,2676
1258,2677
1259,2687
1260,2688
1261,2702
1262,2703
1263,2723
1264,2724
1265,2726
1266,2741
1267,2744
1268,2745
1269,2753
1270,2754
1271,2755
1272,2756
1273,2763
1274,2766
1275,2770
1276,2771
1277,2773
1278,2774
1279,2775
1280,2779
1281,2783
1282,2787
1283,2791
1284,2793
1285,2794
1286,2796
1287,2799
1288,2805
1289,2806
1290,2808
1291,2811
1292,2814
1293,2821
1294,2826
1295,2827
1296,2831
1297,2832
1298,2835
1299,2836
1300,2841
1301,2843
1302,2845
1303,2849
1304,2855
1305,2859
1306,2870
1307,2879
1308,2885
1309,2886
1310,2891
1311,2895
1312,2896
1313,2903
1314,2904
1315,2908
1316,2909
1317,2910
1318,2911
1319,2915
1320,2917
1321,2918
1322,2927
1323,2935
1324,2944
1325,2949
1326,2950
1327,2961
1328,2964
1329,2969
1330,2971
1331,2973
1332,2974
1333,3004
1334,3008
1335,3012
1336,3020
1337,3029
1338,3034
1339,3039
1340,3042
1341,3051
1342,3099
1343,3146
1344,3148
1345,3149
1346,3151
1347,3155
1348,3157
1349,3159
1350,3160
1351,3161
1352,3162
1353,3163
1354,3164
1355,3165
1356,3170
1357,3171
1358,3172
1359,3177
1360,3180
1361,3182
1362,3183
1363,3184
1364,3186
1365,3188
1366,3189
1367,3192
1368,3193
1369,3194
1370,3203
1371,3204
1372,3205
1373,3223
1374,3230
1375,3232
1376,3252
1377,3268
1378,3270
1379,3279
1380,3285
1381,3294
1382,3295
1383,3299
1384,3302
1385,3303
1386,3304
1387,3306
1388,3308
1389,3311
1390,3319
1391,3323
1392,3332
1393,3333
1394,3336
1395,3337
1396,3339
1397,3360
1398,3363
1399,3365
1400,3368
1401,3371
1402,3372
1403,3375
1404,3376
1405,3377
1406,3388
1407,3389
1408,3393
1409,3396
1410,3397
1411,3400
1412,3427
1413,3428
1414,3430
1415,3431
1416,3432
1417,3434
1418,3436
1419,3437
1420,3443
1421,3448
1422,3456
1423,3488
1424,3495
1425,3506
1426,3509
1427,3513
1428,3514
1429,3515
1430,3516
1431,3518
1432,3522
1433,3523
1434,3525
1435,3529
1436,3530
1437,3533
1438,3536
1439,3541
1440,3542
1441,3543
1442,3573
1443,3584
1444,3585
1445,3587
1446,3588
1447,3590
1448,3602
1449,3603
1450,3607
1451,3609
1452,3610
1453,3612
1454,3613
1455,3614
1456,3615
1457,3617
1458,3618
1459,3625
1460,3631
1461,3641
1462,3644
1463,3648
1464,3649
1465,3657
1466,3663
1467,3669
1468,3675
1469,3682
1470,3688
1471,3690
1472,3691
1473,3692
1474,3697
1475,3710
1476,3716
1477,3724
1478,3741
1479,3743
1480,3753
1481,3754
1482,3756
1483,3757
1484,3758
1485,3768
1486,3769
1487,3770
1488,3774
1489,3775
1490,3776
1491,3777
1492,3778
1493,3779
1494,3782
1495,3783
1496,3784
1497,3785
1498,3786
1499,3787
1500,3788
1501,3789
1502,3790
1503,3793
1504,3797
1505,3804
1506,3805
1507,3815
1508,3817
1509,3823
1510,3837
1511,3838
1512,3839
1513,3840
1514,3847
1515,3849
1516,3853
1517,3854
1518,3862
1519,3864
1520,3866
1521,3867
1522,3869
1523,3875
1524,3876
1525,3877
1526,3879
1527,3881
1528,3896
1529,3920
1530,3921
1531,3930
1532,3933
1533,3936
1534,3937
1535,3939
1536,3940
1537,3946
1538,3947
1539,3948
1540,3954
1541,3955
1542,3962
1543,3966
1544,3972
1545,3974
1546,3977
1547,3978
1548,3980
1549,3983
1550,3984
1551,3985
1552,3986
1553,3987
1554,3992
1555,3996
1556,3998
1557,4000
1558,4006
1559,4007
1560,4009
1561,4010
1562,4013
1563,4016
1564,4017
1565,4020
1566,4021
1567,4022
1568,4023
1569,4024
1570,4025
1571,4026
1572,4029
1573,4030
1574,4037
1575,4042
1576,4043
1577,4045
1578,4053
1579,4059
1580,4064
1581,4066
1582,4068
1583,4077
1584,4079
1585,4086
1586,4090
1587,4093
1588,4094
1589,4096
1590,4097
1591,4098
1592,4100
1593,4101
1594,4104
1595,4107
1596,4108
1597,4113
1598,4118
1599,4121
1600,4123
1601,4135
1602,4138
1603,4141
1604,4150
1605,4153
1606,4157
1607,4162
1608,4163
1609,4166
1610,4169
1611,4173
1612,4185
1613,4197
1614,4198
1615,4199
1616,4201
1617,4204
1618,4211
1619,4218
1620,4219
1621,4251
1622,4255
1623,4256
1624,4257
1625,4259
1626,4261
1627,4277
1628,4289
1629,4293
1630,4294
1631,4329
1632,4330
1633,4355
1634,4356
1635,4357
1636,4358
1637,4362
1638,4367
1639,4396
1640,4399
1641,4411
1642,4416
1643,4420
1644,4428
1645,4429
1646,4431
1647,4442
1648,4443
1649,4450
1650,4452
1651,4460
1652,4492
1653,4495
1654,4496
1655,4502
1656,4503
1657,4504
1658,4518
1659,4522
1660,4530
1661,4531
1662,4532
1663,4533
1664,4534
1665,4566
1666,4567
1667,4584
1668,4586
1669,4588
1670,4594
1671,4596
1672,4597
1673,4610
1674,4613
1675,4616
1676,4629
1677,4631
1678,4632
1679,4633
1680,4652
1681,4655
1682,4656
1683,4661
1684,4669
1685,4674
1686,4681
1687,4699
1688,4700
1689,4702
1690,4714
1691,4722
1692,4724
1693,4725
1694,4731
1695,4732
1696,4742
1697,4747
1698,4751
1699,4756
1700,4765
1701,4766
1702,4773
1703,4777
1704,4780
1705,4784
1706,4785
1707,4786
1708,4791
1709,4793
1710,4810
1711,4814
1712,4815
1713,4817
1714,4819
1715,4820
1716,4821
1717,4823
1718,4826
1719,4829
1720,4836
1721,4846
1722,4847
1723,4849
1724,4858
1725,4863
1726,4865
1727,4867
1728,4873
1729,4878
1730,4889
1731,4901
1732,4902
1733,4910
1734,4915
1735,4917
1736,4922
1737,4925
1738,4926
1739,4938
1740,4943
1741,4945
1742,4950
1743,4959
1744,4962
1745,4964
1746,4969
1747,4982
1748,4983
1749,4992
1750,4995
1751,5000
1752,5008
1753,5013
1754,5016
1755,5017
1756,5018
1757,5020
1758,5021
1759,5036
1760,5038
1761,5045
1762,5046
1763,5048
1764,5051
1765,5052
1766,5053
1767,5066
1768,5077
1769,5099
1770,5105
1771,5107
1772,5131
1773,5133
1774,5186
1775,5215
1776,5216
1777,5217
1778,5228
1779,5242
1780,5276
1781,5277
1782,5285
1783,5288
1784,5290
1785,5303
1786,5312
1787,5313
1788,5314
1789,5315
1790,5316
1791,5317
1792,5318
1793,5322
1794,5362
1795,5369
1796,5370
1797,5387
1798,5394
1799,5403
1800,5439
1801,5451
1802,5473
1803,5511
1804,5518
1805,5520
1806,5544
1807,5550
1808,5555
1809,5592
1810,5599
1811,5600
1812,5627
1813,5633
1814,5668
1815,5669
1816,5670
1817,5671
1818,5701
1819,5706
1820,10016
1821,10058
1822,10071
1823,10116
1824,10251
1825,10323
1826,10349
1827,10385
1828,10588
1829,10613
1830,10685
1831,11289
1832,11308
1833,11428
1834,11429
1835,11544
1836,11584
1837,11586
1838,11604
1839,11645
1840,11750
1841,11807
1842,11818
1843,11841
1844,11860
1845,11862
1846,11895
1847,11902
1848,11951
1849,12189
1850,12229
1851,12247
1852,12268
1853,12338
1854,12430
1855,12522
1856,12523
1857,12533
1858,12547
1859,12601
1860,12611
1861,12620
1862,12625
1863,12661
1864,12723
1865,12735
1866,12748
1867,12749
1868,12754
1869,12758
1870,12766
1871,12772
1872,12784
1873,12791
1874,12817
1875,12847
1876,12848
1877,12869
1878,12899
1879,12916
1880,12922
1881,12923
1882,12928
1883,12946
1884,13014
1885,13034
1886,13040
1887,13073
1888,13106
1889,13133
1890,13300
1891,13359
1892,13417
1893,13467
1894,13476
1895,13481
1896,13484
1897,13486
1898,13488
1899,13527
1900,13620
1901,13625
1902,13631
1903,13643
1904,13648
1905,13657
1906,13663
1907,13666
1908,13674
1909,13677
1910,13684
1911,13695
1912,13716
1913,13717
1914,13728
1915,13743
1916,13749
1917,13752
1918,13775
1919,13782
1920,13783
1921,13784
1922,13792
1923,13796
1924,13805
1925,13809
1926,13811
1927,13812
1928,13828
1929,13832
1930,13845
1931,13865
1932,13873
1933,13883
1934,13889
1935,13897
1936,13938
1937,13944
1938,13982
1939,14002
1940,14028
1941,14029
1942,14069
1943,14095
1944,14097
1945,14101
1946,14115
1947,14121
1948,14132
1949,14133
1950,14147
1951,14148
1952,14151
1953,14155
1954,14156
1955,14157
1956,14161
1957,14162
1958,14165
1959,14181
1960,14194
1961,14206
1962,14242
1963,14243
1964,14246
1965,14248
1966,14288
1967,14297
1968,14303
1969,14313
1970,14321
1971,14342
1972,14383
1973,14401
1974,14403
1975,14408
1976,14412
1977,14429
1978,14509
1979,14609
1980,14622
1981,14715
1982,14717
1983,14718
1984,14724
1985,14727
1986,14784
1987,14786
1988,14858
1989,14860
1990,14869
1991,14878
1992,14879
1993,14882
1994,14890
1995,14892
1996,14901
1997,14927
1998,14947
1999,14951
2000,14961
2001,14969
2002,14975
2003,14996
2004,15001
2005,15015
2006,15032
2007,15059
2008,15079
2009,15121
2010,15133
2011,15135
2012,15173
2013,15236
2014,15272
2015,15280
2016,15351
2017,15357
2018,15382
2019,15383
2020,15401
2021,15410
2022,15428
2023,15433
2024,15445
2025,15450
2026,15451
2027,15452
2028,15453
2029,15467
2030,15468
2031,15497
2032,15501
2033,15502
2034,15504
2035,15507
2036,15508
2037,15520
2038,15521
2039,15522
2040,15526
2041,15562
2042,15576
2043,15581
2044,15585
2045,15639
2046,15680
2047,15682
2048,15687
2049,15688
2050,15689
2051,15693
2052,15695
2053,15696
2054,15697
2055,15704
2056,15708
2057,15709
2058,15714
2059,15715
2060,15745
2061,15746
2062,15752
2063,15753
2064,15757
2065,15769
2066,15784
2067,15793
2068,15803
2069,15839
2070,15859
2071,15873
2072,15894
2073,15922
2074,15980
2075,16010
2076,16037
2077,16194
2078,16225
2079,16245
2080,16395
2081,16410
2082,16502
2083,16525
2084,16543
2085,16559
2086,16628
2087,16654
2088,16691
2089,16725
2090,16728
2091,16759
2092,16781
2093,16782
2094,16816
2095,16864
2096,16879
2097,16898
2098,16901
2099,16914
2100,16918
2101,16934
2102,16943
2103,16948
2104,16964
2105,16967
2106,17014
2107,17025
2108,17115
2109,17116
2110,17118
2111,17138
2112,17200
2113,17224
2114,17226
2115,17277
2116,17284
2117,17288
2118,17289
2119,17322
2120,17326
2121,17348
2122,17352
2123,17355
2124,17394
2125,17400
2126,17401
2127,17403
2128,17405
2129,17420
2130,17433
2131,17438
2132,17460
2133,17487
2134,17490
2135,17498
2136,17499
2137,17516
2138,17553
2139,17558
2140,17559
2141,17563
2142,17565
2143,17590
2144,17593
2145,17598
2146,17608
2147,17628
2148,17632
2149,17657
2150,17662
2151,17666
2152,17667
2153,17670
2154,17672
2155,17674
2156,17680
2157,17688
2158,17690
2159,17691
2160,17715
2161,17731
2162,17738
2163,17749
2164,17758
2165,17763
2166,17775
2167,17777
2168,17803
2169,17816
2170,17828
2171,17831
2172,17839
2173,17854
2174,17874
2175,17875
2176,17876
2177,17882
2178,17886
2179,17887
2180,17889
2181,17896
2182,17902
2183,17926
2184,17928
2185,17933
2186,17942
2187,17952
2188,17953
2189,17977
2190,17982
2191,18009
2192,18010
2193,18019
2194,18023
2195,18025
2196,18033
2197,18034
2198,18035
2199,18036
2200,18046
2201,18048
2202,18049
2203,18051
2204,18059
2205,18062
2206,18065
2207,18067
2208,18072
2209,18073
2210,18075
2211,18077
2212,18099
2213,18106
2214,18114
2215,18133
2216,18147
2217,18148
2218,18165
2219,18167
2220,18201
2221,18211
2222,18253
2223,18257
2224,18258
2225,18260
2226,18267
2227,18288
2228,18290
2229,18296
2230,18319
2231,18372
2232,18440
2233,18454
2234,18462
2235,18463
2236,18471
2237,18474
2238,18478
2239,18492
2240,18497
2241,18506
2242,18509
2243,18516
2244,18520
2245,18526
2246,18616
2247,18623
2248,18625
2249,18626
2250,18627
2251,18628
2252,18631
2253,18636
2254,18637
2255,18639
2256,18643
2257,18646
2258,18647
2259,18648
2260,18649
2261,18650
2262,18651
2263,18652
2264,18653
2265,18659
2266,18667
2267,18671
2268,18684
2269,18692
2270,18700
2271,18703
2272,18708
2273,18711
2274,18714
2275,18716
2276,18719
2277,18726
2278,18729
2279,18735
2280,18745
2281,18749
2282,18759
2283,18799
2284,18812
2285,18814
2286,18817
2287,18826
2288,18874
2289,18896
2290,18952
2291,18956
2292,18978
2293,18979
2294,19049
2295,19050
2296,19130
2297,19171
2298,19172
2299,19173
2300,19189
2301,19196
2302,19197
2303,19198
2304,19206
2305,19208
2306,19210
2307,19214
2308,19216
2309,19219
2310,19229
2311,19251
2312,19252
2313,19255
2314,19256
2315,19257
2316,19260
2317,19272
2318,19281
2319,19284
2320,19287
2321,19297
2322,19298
2323,19319
2324,19323
2325,19324
2326,19325
2327,19327
2328,19329
2329,19334
2330,19335
2331,19337
2332,19348
2333,19349
2334,19369
2335,19374
2336,19375
2337,19404
2338,19406
2339,19407
2340,19408
2341,19465
2342,19476
2343,19500
2344,19501
2345,19512
2346,19542
2347,19554
2348,19555
2349,19563
2350,19565
2351,19578
2352,19586
2353,19587
2354,19588
2355,19597
2356,19607
2357,19632
2358,19635
2359,19670
2360,19674
2361,19716
2362,19727
2363,19733
2364,19735
2365,19739
2366,19780
2367,19781
2368,19783
2369,19785
2370,19786
2371,19787
2372,19788
2373,19791
2374,19793
2375,19816
2376,19838
2377,19842
2378,19844
2379,19853
2380,19859
2381,19860
2382,19861
2383,19862
2384,19863
2385,19864
2386,19865
2387,19866
2388,19883
2389,19909
2390,19943
2391,19963
2392,20052
2393,20053
2394,20090
2395,20100
2396,20105
2397,20106
2398,20110
2399,20122
2400,20200
2401,20322
2402,20328
2403,20330
2404,20340
2405,20406
2406,20410
2407,20455
2408,20465
2409,20476
2410,20478
2411,20481
2412,20494
2413,20499
2414,20530
2415,20532
2416,20541
2417,20547
2418,20570
2419,20574
2420,20586
2421,20587
2422,20588
2423,20591
2424,20605
2425,20606
2426,20607
2427,20615
2428,20636
2429,20643
2430,20651
2431,20666
2432,20667
2433,20682
2434,20700
2435,20975
2436,21088
2437,21095
2438,21103
2439,21108
2440,21165
2441,21200
2442,21201
2443,21204
2444,21206
2445,21210
2446,21215
2447,21224
2448,21226
2449,21239
2450,21240
2451,21262
2452,21268
2453,21280
2454,21281
2455,21321
2456,21355
2457,21362
2458,21408
2459,21415
2460,21426
2461,21431
2462,21442
2463,21444
2464,21446
2465,21459
2466,21463
2467,21494
2468,21502
2469,21514
2470,21519
2471,21537
2472,21540
2473,21552
2474,21553
2475,21554
2476,21556
2477,21557
2478,21583
2479,21593
2480,21631
2481,21638
2482,21643
2483,21654
2484,21672
2485,21675
2486,21676
2487,21681
2488,21685
2489,21687
2490,21691
2491,21693
2492,21713
2493,21716
2494,21757
2495,21764
2496,21808
2497,21811
2498,21812
2499,21821
2500,21822
2501,21826
2502,21833
2503,21834
2504,21847
2505,21873
2506,21876
2507,21877
2508,21882
2509,21892
2510,21900
2511,21903
2512,21921
2513,21924
2514,21931
2515,21932
2516,21940
2517,21950
2518,21952
2519,21977
2520,21982
2521,21992
2522,21995
2523,22015
2524,22017
2525,22021
2526,22059
2527,22073
2528,22074
2529,22075
2530,22076
2531,22086
2532,22088
2533,22089
2534,22093
2535,22096
2536,22100
2537,22101
2538,22104
2539,22112
2540,22116
2541,22121
2542,22123
2543,22124
2544,22125
2545,22126
2546,22127
2547,22128
2548,22129
2549,22130
2550,22131
2551,22134
2552,22135
2553,22136
2554,22140
2555,22143
2556,22144
2557,22145
2558,22147
2559,22149
2560,22150
2561,22151
2562,22152
2563,22153
2564,22157
2565,22169
2566,22170
2567,22175
2568,22176
2569,22191
2570,22193
2571,22194
2572,22195
2573,22196
2574,22197
2575,22202
2576,22204
2577,22225
2578,22226
2579,22227
2580,22228
2581,22229
2582,22235
2583,22239
2584,22245
2585,22257
2586,22263
2587,22312
2588,22316
2589,22317
2590,22319
2591,22326
2592,22463
2593,22514
2594,22592
2595,22736
2596,22917
2597,22939
2598,23318
2599,23410
2600,23438
2601,23459
2602,23700
2603,23705
2604,23713
2605,23725
2606,23867
2607,24462
2608,24672
